model_name,input_token_count,output_token_count,total_token_count,prompt_prefill_speed,generation_decoder_speed,prefill_latency,generation_latency,inference_latency,time_to_first_token,avg_current,avg_voltage,avg_power,total_energy_consumption,energy_per_token,battery_usage,average_temperature,peak_memory,model_weight,KV_cache,context_RAM,compute_RAM,Final_BERTscore,Overall_G-Eval
Qwen2-0.5B-Q4_K_M,103.0,100.0,203.0,189.24 (IQR 4.38),50.45 (IQR 1.11),0.54 (IQR 0.01),1.98 (IQR 0.04),2.53 (IQR 0.05),0.56 (IQR 0.01),1.8998745000000001,4.388,8.35 (IQR 0.50),43.95 (IQR 2.37),0.44 (IQR 0.02),0.1,22.5,678.0,373.0,6.0,6.0,298.0,0.9072121977806092,0.52
Qwen2.5-1.5B-Q4_K_M,113.0,100.0,213.0,93.00 (IQR 1.46),31.60 (IQR 0.83),1.22 (IQR 0.02),3.16 (IQR 0.08),4.37 (IQR 0.09),1.25 (IQR 0.02),2.8748044999999998,4.388,12.63 (IQR 0.63),92.87 (IQR 3.59),0.93 (IQR 0.04),0.16666666666666666,24.775,1373.0,1059.0,14.0,14.0,299.0,0.9218139052391052,0.69
Phi-2-2.8B-Q4_K_M,108.0,100.0,208.0,43.87 (IQR 0.50),21.37 (IQR 0.41),2.46 (IQR 0.03),4.68 (IQR 0.09),7.15 (IQR 0.08),2.51 (IQR 0.03),3.315226,4.35965,14.40 (IQR 0.52),143.78 (IQR 6.37),1.44 (IQR 0.06),0.23333333333333334,26.0,1969.0,1704.0,160.0,160.0,105.0,0.9225045442581176,0.68
Qwen2.5-3B-Q4_K_M,113.0,100.0,213.0,45.19 (IQR 0.37),19.84 (IQR 0.22),2.50 (IQR 0.02),5.04 (IQR 0.05),7.54 (IQR 0.07),2.55 (IQR 0.02),3.2244254999999997,4.381,14.20 (IQR 0.63),151.54 (IQR 5.75),1.52 (IQR 0.06),0.23333333333333334,26.7,2320.0,2001.0,18.0,18.0,300.0,0.9287703037261964,0.73
OLMoE-6.9B-Q4_K_M,102.0,100.0,202.0,102.30 (IQR 1.30),38.22 (IQR 1.05),1.00 (IQR 0.01),2.62 (IQR 0.07),3.60 (IQR 0.06),1.02 (IQR 0.01),2.636905,4.397349999999999,11.63 (IQR 0.64),76.46 (IQR 6.04),0.76 (IQR 0.06),0.13333333333333333,26.92,4182.0,4016.0,64.0,64.0,102.0,0.917308747768402,0.6
Qwen2.5-7.6B-Q4_K_M,103.0,100.0,203.0,19.47 (IQR 0.11),10.50 (IQR 0.97),5.29 (IQR 0.03),9.52 (IQR 0.85),14.83 (IQR 0.86),5.38 (IQR 0.03),3.1229009999999997,4.33385,13.42 (IQR 2.07),242.20 (IQR 25.59),2.42 (IQR 0.26),0.4,27.1,4792.0,4460.0,28.0,28.0,304.0,0.9449451565742492,0.77
Llama3.1-8B-Q4_K_M,119.0,100.0,219.0,18.27 (IQR 0.24),10.45 (IQR 0.61),6.51 (IQR 0.09),9.57 (IQR 0.57),16.13 (IQR 0.73),6.61 (IQR 0.08),3.3822725,4.31095,14.60 (IQR 0.79),291.69 (IQR 11.35),2.92 (IQR 0.11),0.43333333333333335,25.695,5007.0,4685.0,64.0,64.0,258.0,0.939701497554779,0.73
Gemma2-9B-Q4_K_M,93.0,100.0,193.0,14.69 (IQR 0.30),7.24 (IQR 0.44),6.33 (IQR 0.13),13.81 (IQR 0.81),20.15 (IQR 0.89),6.47 (IQR 0.14),2.9755585,4.313000000000001,12.94 (IQR 1.61),316.32 (IQR 27.30),3.16 (IQR 0.27),0.5,26.025,6163.0,5488.0,84.0,168.0,507.0,0.9276931881904602,0.92
Qwen2-0.5B-IQ4_XS,103.0,100.0,203.0,202.44 (IQR 3.84),56.17 (IQR 1.10),0.51 (IQR 0.01),1.78 (IQR 0.03),2.29 (IQR 0.02),0.53 (IQR 0.01),1.6356415,4.406,7.22 (IQR 0.43),36.83 (IQR 2.10),0.37 (IQR 0.02),0.1,23.0,632.0,327.0,6.0,6.0,298.0,0.9112325310707092,0.5
Qwen2.5-1.5B-IQ4_XS,113.0,100.0,213.0,80.34 (IQR 0.75),31.26 (IQR 0.27),1.41 (IQR 0.01),3.20 (IQR 0.03),4.61 (IQR 0.03),1.44 (IQR 0.01),2.825274,4.383,12.33 (IQR 0.52),93.42 (IQR 3.86),0.93 (IQR 0.04),0.16666666666666666,22.9,1162.0,848.0,14.0,14.0,299.0,0.9232730269432068,0.66
Phi-2-2.8B-IQ4_XS,105.0,100.0,205.0,41.49 (IQR 0.48),20.82 (IQR 0.73),2.53 (IQR 0.03),4.80 (IQR 0.17),7.35 (IQR 0.15),2.58 (IQR 0.03),3.2149435,4.375,14.07 (IQR 0.47),141.96 (IQR 5.28),1.42 (IQR 0.05),0.23333333333333334,25.7,1712.0,1447.0,160.0,160.0,105.0,0.9227896928787231,0.64
Qwen2.5-3B-IQ4_XS,113.0,100.0,213.0,39.29 (IQR 0.39),19.79 (IQR 0.24),2.88 (IQR 0.03),5.05 (IQR 0.06),7.94 (IQR 0.09),2.93 (IQR 0.03),3.2900495000000003,4.389,14.35 (IQR 0.33),157.80 (IQR 2.28),1.58 (IQR 0.02),0.26666666666666666,24.7,1971.0,1652.0,18.0,18.0,300.0,0.9215692281723022,0.72
OLMoE-6.9B-IQ4_XS,102.0,100.0,202.0,89.88 (IQR 1.81),38.47 (IQR 1.07),1.13 (IQR 0.02),2.60 (IQR 0.07),3.74 (IQR 0.08),1.16 (IQR 0.02),2.6115069999999996,4.382,11.45 (IQR 1.02),79.04 (IQR 6.80),0.79 (IQR 0.07),0.2,24.035,3707.0,3541.0,64.0,64.0,102.0,0.9181371927261353,0.58
Qwen2.5-7.6B-IQ4_XS,113.0,100.0,213.0,16.63 (IQR 0.11),10.65 (IQR 1.85),6.79 (IQR 0.04),9.39 (IQR 1.93),16.26 (IQR 1.95),6.90 (IQR 0.04),3.320318,4.319850000000001,14.26 (IQR 2.92),251.54 (IQR 32.64),2.81 (IQR 0.33),0.43333333333333335,25.77,4349.0,4017.0,28.0,28.0,304.0,0.9353650808334352,0.75
Llama3.1-8B-IQ4_XS,119.0,100.0,219.0,15.53 (IQR 0.15),9.12 (IQR 0.89),7.66 (IQR 0.08),10.96 (IQR 1.06),18.68 (IQR 0.97),7.77 (IQR 0.08),3.1259175,4.3105,13.53 (IQR 1.63),302.50 (IQR 24.29),3.02 (IQR 0.24),0.4666666666666667,25.565,4556.0,4234.0,64.0,64.0,258.0,0.938896417617798,0.71
Gemma2-9B-IQ4_XS,93.0,100.0,193.0,12.69 (IQR 0.06),6.81 (IQR 0.67),7.33 (IQR 0.03),14.68 (IQR 1.40),22.06 (IQR 1.26),7.47 (IQR 0.03),2.9655240000000003,4.2879000000000005,12.65 (IQR 1.30),325.21 (IQR 22.47),3.25 (IQR 0.22),0.5,25.575,5612.0,4937.0,84.0,168.0,507.0,0.9261834025382996,0.91
