Row Labels,Gemma2-9B,Llama3.1-8B,OLMoE-1B-7B-0125,Phi-2,Qwen2.5-1.5B,Qwen2.5-3B,Qwen2.5-7B,Qwen2-0.5B
IQ4_XS_repetition_0,20.92859,18.68556,6.28384,7.39074,4.66145,7.93372,16.1203,2.27575
IQ4_XS_repetition_1,21.99637,19.24525,5.51001,7.24705,4.65588,7.87481,18.27349,2.36615
IQ4_XS_repetition_10,22.87701,17.72617,3.75358,7.28505,4.59539,7.89334,16.07441,2.27785
IQ4_XS_repetition_11,21.99597,18.35076,3.73804,7.18082,4.51995,7.89215,17.95118,2.28906
IQ4_XS_repetition_12,22.64971,18.81351,3.69905,7.16272,4.60015,7.98075,16.20382,2.3293
IQ4_XS_repetition_13,22.42614,19.06568,3.74469,7.35178,4.61818,7.98548,18.30193,2.2986
IQ4_XS_repetition_14,20.89975,18.80932,3.70816,7.24994,4.61666,7.87783,16.16253,2.35634
IQ4_XS_repetition_15,22.09963,18.33463,3.75204,7.38047,4.60082,8.04438,18.10239,2.28727
IQ4_XS_repetition_16,20.63108,18.78644,3.79597,7.20182,4.61005,7.97231,16.04238,2.30039
IQ4_XS_repetition_17,21.80731,19.16428,3.72305,7.46719,4.59752,8.03464,18.05149,2.26281
IQ4_XS_repetition_18,22.75192,19.83151,3.6444,7.35798,4.62746,8.03256,16.12114,2.74848
IQ4_XS_repetition_19,22.44843,17.82262,3.77203,7.41762,4.65074,7.97816,18.0679,2.29019
IQ4_XS_repetition_2,20.54326,17.66627,5.75968,7.20834,4.57921,7.85859,16.07633,2.29805
IQ4_XS_repetition_20,20.57717,18.26916,3.78403,7.37386,4.61492,7.89276,16.07401,2.2848
IQ4_XS_repetition_21,21.84479,18.69659,3.68308,7.21134,4.7151,7.94323,16.06513,2.26941
IQ4_XS_repetition_22,22.56702,19.32061,3.70407,7.50871,4.60705,7.9513,17.93735,2.32207
IQ4_XS_repetition_23,22.14744,19.92922,3.65777,7.71715,4.61146,7.88706,16.10032,2.25988
IQ4_XS_repetition_24,22.59233,18.25233,3.84363,8.22813,4.57265,8.32,17.99514,2.28159
IQ4_XS_repetition_25,22.59764,18.64945,3.73741,7.23729,4.65976,7.94545,16.08974,2.31109
IQ4_XS_repetition_26,21.21255,19.1762,3.70189,7.40059,4.61207,8.09102,16.08283,2.28733
IQ4_XS_repetition_27,22.40171,19.93247,3.65909,7.39312,4.77193,7.90298,17.89361,2.25823
IQ4_XS_repetition_28,20.97383,18.02135,3.77826,7.45864,4.60956,7.93991,16.11273,2.26765
IQ4_XS_repetition_29,22.55878,18.69235,3.78403,7.71814,4.60029,7.96108,18.18428,2.29706
IQ4_XS_repetition_3,21.59943,17.68121,3.78048,7.31019,4.61896,7.8941,16.31828,2.28614
IQ4_XS_repetition_4,22.72591,17.64324,3.73263,7.24587,4.57054,7.84151,18.4215,2.2822
IQ4_XS_repetition_5,22.12303,18.03238,3.71277,7.2939,4.59061,7.97501,16.10115,2.26247
IQ4_XS_repetition_6,22.60844,18.48446,3.65991,7.29973,4.62974,7.84967,18.08175,2.26574
IQ4_XS_repetition_7,22.02089,18.6699,3.75179,7.36621,4.63265,7.87595,16.09662,2.29138
IQ4_XS_repetition_8,20.90061,19.5233,3.83577,7.30749,4.53024,7.88541,18.02431,2.31723
IQ4_XS_repetition_9,21.80424,18.14293,3.71209,7.3764,4.6561,8.0838,16.32112,2.29523
Q4_K_M_repetition_0,19.39203,16.69756,3.63326,7.05953,4.40412,7.67508,14.45977,2.46345
Q4_K_M_repetition_1,21.24638,16.29584,3.58827,7.16133,4.43348,7.4825,15.277,2.49832
Q4_K_M_repetition_10,20.18034,15.99517,3.58962,7.22787,5.4144,7.46195,14.21221,2.50607
Q4_K_M_repetition_11,22.446,15.93559,3.63654,7.09469,4.37426,7.54312,13.92101,2.52701
Q4_K_M_repetition_12,20.11269,16.16592,3.60016,7.07555,4.33423,7.48567,15.13998,2.56443
Q4_K_M_repetition_13,20.88371,17.33763,3.59707,7.14673,4.49042,7.67109,14.64283,2.54956
Q4_K_M_repetition_14,19.73367,16.14901,3.7189,7.09491,4.34951,7.79668,14.27527,2.53629
Q4_K_M_repetition_15,20.39993,17.86342,3.58005,8.13239,4.61208,7.55353,13.91407,2.5458
Q4_K_M_repetition_16,18.82474,15.88628,3.6529,7.08268,4.35299,7.54899,15.08446,2.51251
Q4_K_M_repetition_17,19.47819,15.88789,3.59652,7.17827,4.32924,7.5449,14.80089,2.51872
Q4_K_M_repetition_18,20.4829,17.37507,3.60916,7.13642,4.32565,7.55688,14.29971,2.53763
Q4_K_M_repetition_19,19.89048,15.83369,3.62302,7.15845,4.50246,7.63492,14.09707,2.52336
Q4_K_M_repetition_2,18.9124,16.33677,3.54878,7.03467,4.35436,7.66886,16.11618,2.48987
Q4_K_M_repetition_20,20.11923,17.21984,3.55757,7.17119,4.43671,7.51509,15.29442,2.54386
Q4_K_M_repetition_21,20.7128,15.85623,3.55093,7.30158,4.3755,7.53758,14.85955,2.89713
Q4_K_M_repetition_22,20.11116,17.24446,3.57652,7.18271,4.36768,7.505,14.44346,2.48868
Q4_K_M_repetition_23,21.32325,15.83622,3.6152,7.05625,4.42514,7.5205,13.96151,2.47165
Q4_K_M_repetition_24,20.26154,16.04744,3.57913,7.14534,4.37067,7.49818,15.35545,2.84916
Q4_K_M_repetition_25,20.38899,17.21294,3.6104,7.14154,4.33128,7.7901,15.01175,2.48897
Q4_K_M_repetition_26,20.20493,16.18944,3.56813,7.14026,4.49609,7.58282,14.56168,2.64176
Q4_K_M_repetition_27,20.68685,15.80397,3.5526,7.23776,4.31334,7.59828,14.06371,2.45317
Q4_K_M_repetition_28,19.02419,16.94531,3.63958,7.1365,4.54992,7.53543,16.07954,2.52754
Q4_K_M_repetition_29,19.91228,15.74097,3.62392,7.31525,4.41905,7.53696,15.4386,2.53773
Q4_K_M_repetition_3,20.05003,16.10309,3.64665,7.17089,4.31221,7.52598,15.39778,2.56247
Q4_K_M_repetition_4,20.31737,16.08654,3.64976,7.18614,4.37946,7.47655,14.96256,2.52087
Q4_K_M_repetition_5,19.49237,16.44908,3.60859,7.20548,4.34293,7.4656,14.92943,2.54365
Q4_K_M_repetition_6,19.48237,16.10809,3.74507,7.16392,4.37048,7.50139,14.25732,2.54149
Q4_K_M_repetition_7,20.30612,16.15185,4.48021,7.06739,4.33153,7.45855,13.9076,2.57698
Q4_K_M_repetition_8,20.45616,15.99182,3.53578,7.10782,4.44529,7.55832,15.04905,2.49116
Q4_K_M_repetition_9,19.363,15.88917,3.52502,7.16645,4.39178,7.53243,14.92584,2.55018
