index,run_id,model,response
1,1_qwen2-0_5b_Q4_K_M,Qwen2-0.5B-Q4_K_M,"Tim Berners-Lee invented the World Wide Web in 1989. He was working at CERN, a European organization for nuclear research, near Geneva, Switzerland. Berners-Lee created the web to meet the demand for automatic information-sharing between scientists in universities and institutes around the world."
2,2_qwen2.5-1.5b_Q4_K_M,Qwen2.5-1.5B-Q4_K_M,"The World Wide Web (WWW) was invented by British scientist Tim Berners-Lee in 1989. He created the Web to enable automatic information-sharing between scientists in universities and institutes around the world. Berners-Lee worked at CERN, the European Organization for Nuclear Research, near Geneva, Switzerland."
3,3_phi-2_Q4_K_M,Phi-2-2.8B-Q4_K_M,"The World Wide Web (WWW) was created by British scientist Tim Berners-Lee in 1989 while working at CERN, the European Organization for Nuclear Research, near Geneva, Switzerland. He developed the Web to facilitate the automatic sharing of information between scientists in different universities and research institutes worldwide."
4,4_qwen2.5-3b_Q4_K_M,Qwen2.5-3B-Q4_K_M,"The World Wide Web (WWW) was invented in 1989 by Tim Berners-Lee, a British scientist working at CERN, the European Organization for Nuclear Research, near Geneva, Switzerland. Berners-Lee developed the Web to facilitate automatic information-sharing among scientists globally."
5,5_OLMoE_Q4_K_M,OLMoE-6.9B-Q4_K_M,"The World Wide Web (WWW) was invented by British scientist Tim Berners-Lee in 1989 while he was working at CERN, the European Organization for Nuclear Research, near Geneva, Switzerland. Berners-Lee created the Web to enable automatic information-sharing between scientists at universities and institutes worldwide, fulfilling a demand for such a system at CERN."
6,6_qwen2.5-7b_Q4_K_M,Qwen2.5-7.6B-Q4_K_M,The World Wide Web (WWW) was invented by British scientist Tim Berners-Lee in 1989 while working at CERN. He developed the Web to facilitate automatic information-sharing among scientists worldwide.
7,7_llama_Q4_K_M,Llama3.1-8B-Q4_K_M,The World Wide Web (WWW) was invented by British scientist Tim Berners-Lee in 1989 while he was working at CERN in Switzerland. He created the Web to facilitate automatic information-sharing between scientists globally.
8,8_gemma_Q4_K_M,Gemma2-9B-Q4_K_M,"Tim Berners-Lee, a British scientist working at CERN, invented the World Wide Web (WWW) in 1989 to facilitate easy information sharing among scientists globally."
9,9_qwen2-0_5b_IQ4_XS,Qwen2-0.5B-IQ4_XS,"Tim Berners-Lee invented the World Wide Web in 1989. He was working at CERN, a European organization for nuclear research, near Geneva, Switzerland. The World Wide Web was created to meet the need for automatic information sharing between scientists in universities and institutes around the world."
10,10_qwen2.5-1.5b_IQ4_XS,Qwen2.5-1.5B-IQ4_XS,"The World Wide Web (WWW) was invented by British scientist Tim Berners-Lee in 1989 while working at CERN, the European Organization for Nuclear Research, near Geneva, Switzerland. Berners-Lee created the Web to facilitate automatic information-sharing among scientists in universities and institutes worldwide."
11,11_phi-2_IQ4_XS,Phi-2-2.8B-IQ4_XS,"The World Wide Web (WWW) was invented by British scientist Tim Berners-Lee in 1989 while working at CERN, the European Organization for Nuclear Research, near Geneva, Switzerland. He created the Web to facilitate automatic information-sharing between scientists in universities and institutes around the world."
12,12_qwen2.5-3b_IQ4_XS,Qwen2.5-3B-IQ4_XS,"The World Wide Web (WWW) was invented by British scientist Tim Berners-Lee in 1989 while he was working at CERN, the European Organization for Nuclear Research, near Geneva, Switzerland. He developed the Web to facilitate automatic information-sharing among scientists in various universities and research institutes worldwide."
13,13_OLMoE_IQ4_XS,OLMoE-6.9B-IQ4_XS,"The World Wide Web (WWW) was invented by British scientist Tim Berners-Lee in 1989 while he was working at CERN, the European Organization for Nuclear Research, near Geneva, Switzerland. Berners-Lee created the Web to enable automatic information-sharing among scientists at universities and research institutions worldwide, fulfilling a demand for such a system at the time."
14,14_qwen2.5-7b_IQ4_XS,Qwen2.5-7.6B-IQ4_XS,The World Wide Web was invented by British scientist Tim Berners-Lee in 1989 while he was working at CERN in Switzerland. Berners-Lee developed the Web to facilitate automatic information sharing among scientists in universities and research institutions worldwide.
15,15_llama_IQ4_XS,Llama3.1-8B-IQ4_XS,The World Wide Web (WWW) was invented by British scientist Tim Berners-Lee in 1989 while he was working at CERN in Switzerland. He created the Web to facilitate automatic information-sharing between scientists worldwide.
16,16_gemma_IQ4_XS,Gemma2-9B-IQ4_XS,"Tim Berners-Lee, a British scientist working at CERN, invented the World Wide Web (WWW) in 1989 to facilitate automatic information sharing among scientists globally."
