index,Model,Coherence,Faithfulness,Overall_Quality,Relevance
2,Qwen2-0.5B-Q4_K_M,0.91,1,0.52,1
3,Qwen2.5-1.5B-Q4_K_M,0.96,1,0.69,1
4,Phi-2-2.8B-Q4_K_M,0.99,1,0.68,1
5,Qwen2.5-3B-Q4_K_M,0.98,1,0.73,0.95
6,OLMoE-6.9B-Q4_K_M,0.95,0.7,0.6,0.95
7,Qwen2.5-7.6B-Q4_K_M,0.93,0.95,0.77,0.85
8,Llama3.1-8B-Q4_K_M,0.88,0.85,0.73,0.85
9,Gemma2-9B-Q4_K_M,0.92,0.9,0.92,0.75
10,Qwen2-0.5B-IQ4_XS,0.9,0.95,0.5,1
11,Qwen2.5-1.5B-IQ4_XS,0.98,1,0.66,1
12,Phi-2-2.8B-IQ4_XS,0.97,1,0.64,1
13,Qwen2.5-3B-IQ4_XS,0.97,1,0.72,1
14,OLMoE-6.9B-IQ4_XS,0.94,0.8,0.58,0.95
15,Qwen2.5-7.6B-IQ4_XS,0.89,0.85,0.75,0.85
16,Llama3.1-8B-IQ4_XS,0.87,0.85,0.71,0.8
17,Gemma2-9B-IQ4_XS,0.92,0.9,0.91,0.75
