model_file,quantization ,generation_decoder_speed,total_energy_consumption,peak_memory,time_to_first_token,energy_per_token,inference_latency
Qwen2-0.5B,Q4_K_M,51.98,48.0168,678,0.55879,0.4802,2.46345
Qwen2-0.5B,Q4_K_M,51.03,43.0818,678,0.55821,0.4308,2.49832
Qwen2-0.5B,Q4_K_M,51.5,45.1244,678,0.56768,0.4512,2.48987
Qwen2-0.5B,Q4_K_M,50.12,43.5325,678,0.58717,0.4353,2.56247
Qwen2-0.5B,Q4_K_M,50.51,45.1174,678,0.56102,0.4512,2.52087
Qwen2-0.5B,Q4_K_M,50.38,45.7371,678,0.57843,0.4574,2.54365
Qwen2-0.5B,Q4_K_M,50.01,45.4539,678,0.56189,0.4545,2.54149
Qwen2-0.5B,Q4_K_M,49.4,47.4962,678,0.57298,0.475,2.57698
Qwen2-0.5B,Q4_K_M,51.21,47.8209,678,0.55798,0.4782,2.49116
Qwen2-0.5B,Q4_K_M,49.86,40.3185,678,0.56472,0.4032,2.55018
Qwen2-0.5B,Q4_K_M,50.85,42.9759,678,0.5593,0.4298,2.50607
Qwen2-0.5B,Q4_K_M,50.77,39.5751,678,0.57704,0.3958,2.52701
Qwen2-0.5B,Q4_K_M,49.74,43.2861,678,0.57399,0.4329,2.56443
Qwen2-0.5B,Q4_K_M,49.52,44.9049,678,0.55043,0.449,2.54956
Qwen2-0.5B,Q4_K_M,50.28,47.4178,678,0.56741,0.4742,2.53629
Qwen2-0.5B,Q4_K_M,50.94,43.2354,678,0.60244,0.4324,2.5458
Qwen2-0.5B,Q4_K_M,50.7,43.2892,678,0.55984,0.4329,2.51251
Qwen2-0.5B,Q4_K_M,50.74,44.2641,678,0.56742,0.4426,2.51872
Qwen2-0.5B,Q4_K_M,50.1,40.4986,678,0.56147,0.405,2.53763
Qwen2-0.5B,Q4_K_M,50.71,43.0972,678,0.57127,0.431,2.52336
Qwen2-0.5B,Q4_K_M,50.33,40.9338,678,0.57666,0.4093,2.54386
Qwen2-0.5B,Q4_K_M,43.83,49.4973,678,0.63831,0.495,2.89713
Qwen2-0.5B,Q4_K_M,51.08,42.1878,678,0.55061,0.4219,2.48868
Qwen2-0.5B,Q4_K_M,51.87,43.6814,678,0.56322,0.4368,2.47165
Qwen2-0.5B,Q4_K_M,43.33,48.6409,678,0.5643,0.4864,2.84916
Qwen2-0.5B,Q4_K_M,51.49,43.8927,678,0.56624,0.4389,2.48897
Qwen2-0.5B,Q4_K_M,47.82,44.7179,678,0.57166,0.4472,2.64176
Qwen2-0.5B,Q4_K_M,52.15,42.4971,678,0.55472,0.425,2.45317
Qwen2-0.5B,Q4_K_M,50.36,44.0029,678,0.56157,0.44,2.52754
Qwen2-0.5B,Q4_K_M,49.78,45.4412,678,0.54878,0.4544,2.53773
Qwen2.5-1.5B,Q4_K_M,31.32,87.9918,1373,1.24353,0.8799,4.40412
Qwen2.5-1.5B,Q4_K_M,31.21,87.3812,1373,1.26159,0.8738,4.43348
Qwen2.5-1.5B,Q4_K_M,31.87,94.3029,1373,1.248,0.943,4.35436
Qwen2.5-1.5B,Q4_K_M,32.13,95.1504,1373,1.23053,0.9515,4.31221
Qwen2.5-1.5B,Q4_K_M,31.59,94.8425,1373,1.24516,0.9484,4.37946
Qwen2.5-1.5B,Q4_K_M,31.91,89.4316,1373,1.24056,0.8943,4.34293
Qwen2.5-1.5B,Q4_K_M,31.56,98.2199,1373,1.23369,0.9822,4.37048
Qwen2.5-1.5B,Q4_K_M,32.06,92.2667,1373,1.24392,0.9227,4.33153
Qwen2.5-1.5B,Q4_K_M,31.17,95.1419,1373,1.2689,0.9514,4.44529
Qwen2.5-1.5B,Q4_K_M,31.55,91.8833,1373,1.25433,0.9188,4.39178
Qwen2.5-1.5B,Q4_K_M,24.41,103.2055,1373,1.35833,1.0321,5.4144
Qwen2.5-1.5B,Q4_K_M,31.61,94.4202,1373,1.24216,0.9442,4.37426
Qwen2.5-1.5B,Q4_K_M,32.05,93.793,1373,1.24533,0.9379,4.33423
Qwen2.5-1.5B,Q4_K_M,30.4,100.7716,1373,1.23424,1.0077,4.49042
Qwen2.5-1.5B,Q4_K_M,32.01,92.1239,1373,1.25713,0.9212,4.34951
Qwen2.5-1.5B,Q4_K_M,31.28,95.0746,1373,1.44673,0.9507,4.61208
Qwen2.5-1.5B,Q4_K_M,31.74,91.6522,1373,1.23434,0.9165,4.35299
Qwen2.5-1.5B,Q4_K_M,32.12,93.1124,1373,1.24719,0.9311,4.32924
Qwen2.5-1.5B,Q4_K_M,32.05,94.7926,1373,1.23683,0.9479,4.32565
Qwen2.5-1.5B,Q4_K_M,30.93,93.8146,1373,1.30219,0.9381,4.50246
Qwen2.5-1.5B,Q4_K_M,31.13,91.746,1373,1.25676,0.9175,4.43671
Qwen2.5-1.5B,Q4_K_M,31.93,91.3756,1373,1.27542,0.9138,4.3755
Qwen2.5-1.5B,Q4_K_M,32,86.1106,1373,1.27375,0.8611,4.36768
Qwen2.5-1.5B,Q4_K_M,31.2,91.1959,1373,1.25167,0.912,4.42514
Qwen2.5-1.5B,Q4_K_M,31.64,88.6716,1373,1.24173,0.8867,4.37067
Qwen2.5-1.5B,Q4_K_M,32.19,93.1667,1373,1.25588,0.9317,4.33128
Qwen2.5-1.5B,Q4_K_M,30.85,88.1903,1373,1.28747,0.8819,4.49609
Qwen2.5-1.5B,Q4_K_M,32.18,92.6344,1373,1.23643,0.9263,4.31334
Qwen2.5-1.5B,Q4_K_M,29.97,99.7718,1373,1.24623,0.9977,4.54992
Qwen2.5-1.5B,Q4_K_M,31.14,84.4568,1373,1.23995,0.8446,4.41905
Phi-2,Q4_K_M,21.74,149.0569,1969,2.50467,1.4906,7.05953
Phi-2,Q4_K_M,21.22,149.8681,1969,2.49661,1.4987,7.16133
Phi-2,Q4_K_M,21.85,144.7516,1969,2.50312,1.4475,7.03467
Phi-2,Q4_K_M,21.35,142.9445,1969,2.53388,1.4294,7.17089
Phi-2,Q4_K_M,21.67,145.8538,1969,2.6184,1.4585,7.18614
Phi-2,Q4_K_M,21.22,143.8979,1969,2.5401,1.439,7.20548
Phi-2,Q4_K_M,21.16,139.0892,1969,2.48621,1.3909,7.16392
Phi-2,Q4_K_M,21.73,146.583,1969,2.51118,1.4658,7.06739
Phi-2,Q4_K_M,21.56,144.0124,1969,2.51667,1.4401,7.10782
Phi-2,Q4_K_M,21.2,149.0257,1969,2.49605,1.4903,7.16645
Phi-2,Q4_K_M,21.74,133.7367,1969,2.67503,1.3374,7.22787
Phi-2,Q4_K_M,21.68,140.1617,1969,2.5278,1.4016,7.09469
Phi-2,Q4_K_M,21.75,143.6707,1969,2.52312,1.4367,7.07555
Phi-2,Q4_K_M,21.28,148.9268,1969,2.49515,1.4893,7.14673
Phi-2,Q4_K_M,21.54,137.7876,1969,2.49921,1.3779,7.09491
Phi-2,Q4_K_M,17.59,159.2816,1969,2.50391,1.5928,8.13239
Phi-2,Q4_K_M,21.46,137.8678,1969,2.46876,1.3787,7.08268
Phi-2,Q4_K_M,21.36,139.9857,1969,2.54343,1.3999,7.17827
Phi-2,Q4_K_M,21.47,136.8421,1969,2.52451,1.3684,7.13642
Phi-2,Q4_K_M,21.36,145.8015,1969,2.52254,1.458,7.15845
Phi-2,Q4_K_M,21.28,137.9037,1969,2.5185,1.379,7.17119
Phi-2,Q4_K_M,21.53,147.2746,1969,2.7031,1.4727,7.30158
Phi-2,Q4_K_M,21.17,144.1061,1969,2.50526,1.4411,7.18271
Phi-2,Q4_K_M,21.71,142.184,1969,2.4963,1.4218,7.05625
Phi-2,Q4_K_M,21.34,145.0679,1969,2.5055,1.4507,7.14534
Phi-2,Q4_K_M,21.35,141.8377,1969,2.50491,1.4184,7.14154
Phi-2,Q4_K_M,21.4,135.7198,1969,2.51436,1.3572,7.14026
Phi-2,Q4_K_M,21.08,148.7755,1969,2.54216,1.4878,7.23776
Phi-2,Q4_K_M,21.38,141.0317,1969,2.50502,1.4103,7.1365
Phi-2,Q4_K_M,20.56,141.5318,1969,2.50095,1.4153,7.31525
Qwen2.5-3B,Q4_K_M,19.72,161.3439,2320,2.65472,1.6134,7.67508
Qwen2.5-3B,Q4_K_M,20,151.7138,2320,2.53144,1.5171,7.4825
Qwen2.5-3B,Q4_K_M,19.37,150.2286,2320,2.55711,1.5023,7.66886
Qwen2.5-3B,Q4_K_M,19.83,154.4105,2320,2.53357,1.5441,7.52598
Qwen2.5-3B,Q4_K_M,20.07,148.3759,2320,2.54273,1.4838,7.47655
Qwen2.5-3B,Q4_K_M,20.14,149.5021,2320,2.54901,1.495,7.4656
Qwen2.5-3B,Q4_K_M,20.08,153.5754,2320,2.57032,1.5358,7.50139
Qwen2.5-3B,Q4_K_M,20.19,147.7181,2320,2.55607,1.4772,7.45855
Qwen2.5-3B,Q4_K_M,20,154.8665,2320,2.60905,1.5487,7.55832
Qwen2.5-3B,Q4_K_M,19.84,156.7979,2320,2.5433,1.568,7.53243
Qwen2.5-3B,Q4_K_M,20.2,147.1761,2320,2.5603,1.4718,7.46195
Qwen2.5-3B,Q4_K_M,19.83,148.6363,2320,2.55071,1.4864,7.54312
Qwen2.5-3B,Q4_K_M,19.98,157.1213,2320,2.52961,1.5712,7.48567
Qwen2.5-3B,Q4_K_M,19.44,152.6148,2320,2.5781,1.5261,7.67109
Qwen2.5-3B,Q4_K_M,19.84,154.3863,2320,2.80599,1.5439,7.79668
Qwen2.5-3B,Q4_K_M,19.84,153.1126,2320,2.56331,1.5311,7.55353
Qwen2.5-3B,Q4_K_M,19.84,147.0482,2320,2.55906,1.4705,7.54899
Qwen2.5-3B,Q4_K_M,19.75,145.6902,2320,2.53152,1.4569,7.5449
Qwen2.5-3B,Q4_K_M,19.78,148.7038,2320,2.55192,1.487,7.55688
Qwen2.5-3B,Q4_K_M,19.43,152.8687,2320,2.54034,1.5287,7.63492
Qwen2.5-3B,Q4_K_M,19.96,150.5082,2320,2.55455,1.5051,7.51509
Qwen2.5-3B,Q4_K_M,19.83,152.9566,2320,2.54547,1.5296,7.53758
Qwen2.5-3B,Q4_K_M,19.94,150.9473,2320,2.54132,1.5095,7.505
Qwen2.5-3B,Q4_K_M,19.87,158.4214,2320,2.53821,1.5842,7.5205
Qwen2.5-3B,Q4_K_M,19.97,145.5547,2320,2.54031,1.4555,7.49818
Qwen2.5-3B,Q4_K_M,18.97,159.9664,2320,2.57176,1.5997,7.7901
Qwen2.5-3B,Q4_K_M,19.65,157.166,2320,2.54494,1.5717,7.58282
Qwen2.5-3B,Q4_K_M,19.75,149.9053,2320,2.58616,1.4991,7.59828
Qwen2.5-3B,Q4_K_M,19.89,147.5688,2320,2.55686,1.4757,7.53543
Qwen2.5-3B,Q4_K_M,19.85,151.3613,2320,2.55024,1.5136,7.53696
OLMoE-1B-7B-0125,Q4_K_M,37.84,75.7802,4182,1.01728,0.7578,3.63326
OLMoE-1B-7B-0125,Q4_K_M,38.49,70.7318,4182,1.01587,0.7073,3.58827
OLMoE-1B-7B-0125,Q4_K_M,39.31,75.062,4182,1.03039,0.7506,3.54878
OLMoE-1B-7B-0125,Q4_K_M,37.87,81.0269,4182,1.03245,0.8103,3.64665
OLMoE-1B-7B-0125,Q4_K_M,37.79,74.8765,4182,1.02971,0.7488,3.64976
OLMoE-1B-7B-0125,Q4_K_M,38.16,71.7003,4182,1.01421,0.717,3.60859
OLMoE-1B-7B-0125,Q4_K_M,38.13,79.2647,4182,1.14891,0.7926,3.74507
OLMoE-1B-7B-0125,Q4_K_M,28.68,87.2263,4182,1.02811,0.8723,4.48021
OLMoE-1B-7B-0125,Q4_K_M,39.4,73.7297,4182,1.02327,0.7373,3.53578
OLMoE-1B-7B-0125,Q4_K_M,39.4,78.2017,4182,1.01256,0.782,3.52502
OLMoE-1B-7B-0125,Q4_K_M,38.39,70.9803,4182,1.01064,0.7098,3.58962
OLMoE-1B-7B-0125,Q4_K_M,37.94,73.3672,4182,1.02688,0.7337,3.63654
OLMoE-1B-7B-0125,Q4_K_M,38.22,77.3461,4182,1.00958,0.7735,3.60016
OLMoE-1B-7B-0125,Q4_K_M,38.53,79.0962,4182,1.02753,0.791,3.59707
OLMoE-1B-7B-0125,Q4_K_M,36.67,76.2745,4182,1.01883,0.7627,3.7189
OLMoE-1B-7B-0125,Q4_K_M,39.14,80.9809,4182,1.05056,0.8098,3.58005
OLMoE-1B-7B-0125,Q4_K_M,37.75,77.735,4182,1.03036,0.7773,3.6529
OLMoE-1B-7B-0125,Q4_K_M,38.25,76.3836,4182,1.00839,0.7638,3.59652
OLMoE-1B-7B-0125,Q4_K_M,38.16,73.7185,4182,1.01482,0.7372,3.60916
OLMoE-1B-7B-0125,Q4_K_M,38.06,74.7127,4182,1.02216,0.7471,3.62302
OLMoE-1B-7B-0125,Q4_K_M,39.01,80.397,4182,1.01954,0.804,3.55757
OLMoE-1B-7B-0125,Q4_K_M,39.17,81.422,4182,1.02364,0.8142,3.55093
OLMoE-1B-7B-0125,Q4_K_M,39.1,70.2063,4182,1.04463,0.7021,3.57652
OLMoE-1B-7B-0125,Q4_K_M,38.22,80.5962,4182,1.0249,0.806,3.6152
OLMoE-1B-7B-0125,Q4_K_M,38.6,77.0544,4182,1.01452,0.7705,3.57913
OLMoE-1B-7B-0125,Q4_K_M,38.18,80.1154,4182,1.01753,0.8012,3.6104
OLMoE-1B-7B-0125,Q4_K_M,39.02,80.169,4182,1.03125,0.8017,3.56813
OLMoE-1B-7B-0125,Q4_K_M,39.17,76.5347,4182,1.02503,0.7653,3.5526
OLMoE-1B-7B-0125,Q4_K_M,37.87,64.7977,4182,1.02554,0.648,3.63958
OLMoE-1B-7B-0125,Q4_K_M,38.06,74.2723,4182,1.02269,0.7427,3.62392
Qwen2.5-7B,Q4_K_M,10.97,259.9704,4792,5.43706,2.5997,14.45977
Qwen2.5-7B,Q4_K_M,10.31,276.6421,4792,5.67677,2.7664,15.277
Qwen2.5-7B,Q4_K_M,9.24,226.4964,4792,5.39847,2.265,16.11618
Qwen2.5-7B,Q4_K_M,9.88,229.8679,4792,5.3758,2.2987,15.39778
Qwen2.5-7B,Q4_K_M,10.33,231.19,4792,5.37644,2.3119,14.96256
Qwen2.5-7B,Q4_K_M,10.37,250.6939,4792,5.37814,2.5069,14.92943
Qwen2.5-7B,Q4_K_M,11.15,256.0157,4792,5.37964,2.5602,14.25732
Qwen2.5-7B,Q4_K_M,11.55,261.6318,4792,5.33454,2.6163,13.9076
Qwen2.5-7B,Q4_K_M,10.23,224.2916,4792,5.36898,2.2429,15.04905
Qwen2.5-7B,Q4_K_M,10.39,239.3231,4792,5.39993,2.3932,14.92584
Qwen2.5-7B,Q4_K_M,11.19,253.9606,4792,5.36562,2.5396,14.21221
Qwen2.5-7B,Q4_K_M,11.56,267.1754,4792,5.36024,2.6718,13.92101
Qwen2.5-7B,Q4_K_M,10.2,236.7295,4792,5.43762,2.3673,15.13998
Qwen2.5-7B,Q4_K_M,10.73,243.3686,4792,5.41256,2.4337,14.64283
Qwen2.5-7B,Q4_K_M,11.19,254.2465,4792,5.42632,2.5425,14.27527
Qwen2.5-7B,Q4_K_M,11.6,260.0965,4792,5.38126,2.601,13.91407
Qwen2.5-7B,Q4_K_M,10.2,230.3276,4792,5.38127,2.3033,15.08446
Qwen2.5-7B,Q4_K_M,10.54,236.0821,4792,5.40455,2.3608,14.80089
Qwen2.5-7B,Q4_K_M,11.09,247.8131,4792,5.37643,2.4781,14.29971
Qwen2.5-7B,Q4_K_M,11.53,264.5097,4792,5.50947,2.6451,14.09707
Qwen2.5-7B,Q4_K_M,9.98,223.12,4792,5.37067,2.2312,15.29442
Qwen2.5-7B,Q4_K_M,10.47,234.4212,4792,5.40118,2.3442,14.85955
Qwen2.5-7B,Q4_K_M,10.92,253.1866,4792,5.38148,2.5319,14.44346
Qwen2.5-7B,Q4_K_M,11.52,263.5777,4792,5.37122,2.6358,13.96151
Qwen2.5-7B,Q4_K_M,9.93,219.5984,4792,5.38783,2.196,15.35545
Qwen2.5-7B,Q4_K_M,10.29,222.8107,4792,5.39221,2.2281,15.01175
Qwen2.5-7B,Q4_K_M,10.77,241.0282,4792,5.37213,2.4103,14.56168
Qwen2.5-7B,Q4_K_M,11.41,252.7016,4792,5.38748,2.527,14.06371
Qwen2.5-7B,Q4_K_M,9.28,210.4146,4792,5.41096,2.1041,16.07954
Qwen2.5-7B,Q4_K_M,9.88,217.3708,4792,5.41729,2.1737,15.4386
Llama3.1-8B,Q4_K_M,9.98,302.6207,5007,6.78244,3.0262,16.69756
Llama3.1-8B,Q4_K_M,10.2,291.563,5007,6.59167,2.9156,16.29584
Llama3.1-8B,Q4_K_M,10.31,271.8663,5007,6.73425,2.7187,16.33677
Llama3.1-8B,Q4_K_M,10.43,295.0447,5007,6.61212,2.9504,16.10309
Llama3.1-8B,Q4_K_M,10.53,295.6387,5007,6.68383,2.9564,16.08654
Llama3.1-8B,Q4_K_M,10.19,289.1629,5007,6.73665,2.8916,16.44908
Llama3.1-8B,Q4_K_M,10.5,293.1874,5007,6.67945,2.9319,16.10809
Llama3.1-8B,Q4_K_M,10.36,297.1597,5007,6.59506,2.9716,16.15185
Llama3.1-8B,Q4_K_M,10.61,291.8147,5007,6.6591,2.9181,15.99182
Llama3.1-8B,Q4_K_M,10.67,295.4393,5007,6.61033,2.9544,15.88917
Llama3.1-8B,Q4_K_M,10.65,300.7451,5007,6.69879,3.0075,15.99517
Llama3.1-8B,Q4_K_M,10.6,288.7334,5007,6.59654,2.8873,15.93559
Llama3.1-8B,Q4_K_M,10.36,290.0993,5007,6.60909,2.901,16.16592
Llama3.1-8B,Q4_K_M,9.25,250.5647,5007,6.63111,2.5056,17.33763
Llama3.1-8B,Q4_K_M,10.57,300.4599,5007,6.77868,3.0046,16.14901
Llama3.1-8B,Q4_K_M,8.81,316.1672,5007,6.63038,3.1617,17.86342
Llama3.1-8B,Q4_K_M,10.73,294.6311,5007,6.65571,2.9463,15.88628
Llama3.1-8B,Q4_K_M,10.63,288.6282,5007,6.5784,2.8863,15.88789
Llama3.1-8B,Q4_K_M,9.27,253.2191,5007,6.69253,2.5322,17.37507
Llama3.1-8B,Q4_K_M,10.68,302.5939,5007,6.561529,3.0259,15.83369
Llama3.1-8B,Q4_K_M,9.32,260.5632,5007,6.59487,2.6056,17.21984
Llama3.1-8B,Q4_K_M,10.69,285.3466,5007,6.59953,2.8535,15.85623
Llama3.1-8B,Q4_K_M,9.29,252.8292,5007,6.59113,2.5283,17.24446
Llama3.1-8B,Q4_K_M,10.7,290.9363,5007,6.58529,2.9094,15.83622
Llama3.1-8B,Q4_K_M,10.47,292.2278,5007,6.58889,2.9223,16.04744
Llama3.1-8B,Q4_K_M,9.35,261.9367,5007,6.61941,2.6194,17.21294
Llama3.1-8B,Q4_K_M,10.32,305.0815,5007,6.59536,3.0508,16.18944
Llama3.1-8B,Q4_K_M,10.78,285.6755,5007,6.6243,2.8568,15.80397
Llama3.1-8B,Q4_K_M,9.57,257.4226,5007,6.59714,2.5742,16.94531
Llama3.1-8B,Q4_K_M,10.79,302.1993,5007,6.5639,3.022,15.74097
Gemma2-9B,Q4_K_M,7.63,322.8062,6163,6.42513,3.2281,19.39203
Gemma2-9B,Q4_K_M,6.98,315.8219,6163,7.06447,3.1582,21.24638
Gemma2-9B,Q4_K_M,7.93,332.5454,6163,6.42312,3.3255,18.9124
Gemma2-9B,Q4_K_M,7.29,323.6389,6163,6.4631,3.2364,20.05003
Gemma2-9B,Q4_K_M,7.15,291.8652,6163,6.4762,2.9187,20.31737
Gemma2-9B,Q4_K_M,7.58,338.5439,6163,6.42427,3.3854,19.49237
Gemma2-9B,Q4_K_M,7.6,316.2282,6163,6.45606,3.1623,19.48237
Gemma2-9B,Q4_K_M,7.21,309.7373,6163,6.56667,3.0974,20.30612
Gemma2-9B,Q4_K_M,7.06,291.9451,6163,6.42653,2.9195,20.45616
Gemma2-9B,Q4_K_M,7.67,327.2302,6163,6.45238,3.2723,19.363
Gemma2-9B,Q4_K_M,7.21,304.5423,6163,6.44163,3.0454,20.18034
Gemma2-9B,Q4_K_M,6.3,377.7038,6163,6.73244,3.777,22.446
Gemma2-9B,Q4_K_M,7.23,295.8526,6163,6.42375,2.9585,20.11269
Gemma2-9B,Q4_K_M,6.87,287.744,6163,6.48289,2.8774,20.88371
Gemma2-9B,Q4_K_M,7.45,325.8642,6163,6.43696,3.2586,19.73367
Gemma2-9B,Q4_K_M,7.16,294.2525,6163,6.5751,2.9425,20.39993
Gemma2-9B,Q4_K_M,7.98,331.5214,6163,6.42327,3.3152,18.82474
Gemma2-9B,Q4_K_M,7.61,318.1763,6163,6.47001,3.1818,19.47819
Gemma2-9B,Q4_K_M,7.19,313.6995,6163,6.71163,3.137,20.4829
Gemma2-9B,Q4_K_M,7.5,337.3871,6163,6.69524,3.3739,19.89048
Gemma2-9B,Q4_K_M,7.25,311.234,6163,6.47091,3.1123,20.11923
Gemma2-9B,Q4_K_M,6.95,297.8074,6163,6.46353,2.9781,20.7128
Gemma2-9B,Q4_K_M,7.35,316.4099,6163,6.63702,3.1641,20.11116
Gemma2-9B,Q4_K_M,6.77,327.7977,6163,6.69979,3.278,21.32325
Gemma2-9B,Q4_K_M,7.3,294.8612,6163,6.70773,2.9486,20.26154
Gemma2-9B,Q4_K_M,7.11,294.6169,6163,6.46681,2.9462,20.38899
Gemma2-9B,Q4_K_M,7.22,321.3114,6163,6.5024,3.2131,20.20493
Gemma2-9B,Q4_K_M,6.95,305.8275,6163,6.43601,3.0583,20.68685
Gemma2-9B,Q4_K_M,7.86,327.0946,6163,6.43642,3.2709,19.02419
Gemma2-9B,Q4_K_M,7.37,317.8364,6163,6.48436,3.1784,19.91228
Qwen2-0.5B,IQ4_XS,57.01,41.8101,632,0.53918,0.4181,2.27575
Qwen2-0.5B,IQ4_XS,54.24,39.03,632,0.541,0.3903,2.36615
Qwen2-0.5B,IQ4_XS,55.82,35.2104,632,0.52437,0.3521,2.29805
Qwen2-0.5B,IQ4_XS,56.24,36.5107,632,0.52593,0.3651,2.28614
Qwen2-0.5B,IQ4_XS,56.22,36.5178,632,0.52127,0.3652,2.2822
Qwen2-0.5B,IQ4_XS,56.93,34.9407,632,0.52348,0.3494,2.26247
Qwen2-0.5B,IQ4_XS,57.03,36.6811,632,0.52967,0.3668,2.26574
Qwen2-0.5B,IQ4_XS,56.13,34.8483,632,0.52765,0.3485,2.29138
Qwen2-0.5B,IQ4_XS,55.1,37.7593,632,0.52052,0.3776,2.31723
Qwen2-0.5B,IQ4_XS,56.03,36.9825,632,0.52847,0.3698,2.29523
Qwen2-0.5B,IQ4_XS,56.41,37.0902,632,0.5227,0.3709,2.27785
Qwen2-0.5B,IQ4_XS,56.5,34.1026,632,0.53683,0.341,2.28906
Qwen2-0.5B,IQ4_XS,55.06,39.0724,632,0.53138,0.3907,2.3293
Qwen2-0.5B,IQ4_XS,55.73,36.232,632,0.52229,0.3623,2.2986
Qwen2-0.5B,IQ4_XS,54.29,36.1246,632,0.53269,0.3612,2.35634
Qwen2-0.5B,IQ4_XS,56.66,34.1086,632,0.54001,0.3411,2.28727
Qwen2-0.5B,IQ4_XS,55.84,38.6953,632,0.52734,0.387,2.30039
Qwen2-0.5B,IQ4_XS,56.95,38.8611,632,0.52434,0.3886,2.26281
Qwen2-0.5B,IQ4_XS,44.53,42.9377,632,0.52544,0.4294,2.74848
Qwen2-0.5B,IQ4_XS,56.88,37.6887,632,0.54957,0.3769,2.29019
Qwen2-0.5B,IQ4_XS,55.49,35.3945,632,0.50081,0.3539,2.2848
Qwen2-0.5B,IQ4_XS,56.54,37.7553,632,0.51854,0.3776,2.26941
Qwen2-0.5B,IQ4_XS,55.38,35.8363,632,0.53439,0.3584,2.32207
Qwen2-0.5B,IQ4_XS,57.29,35.6322,632,0.53195,0.3563,2.25988
Qwen2-0.5B,IQ4_XS,56.28,37.8021,632,0.52238,0.378,2.28159
Qwen2-0.5B,IQ4_XS,55.53,37.3748,632,0.52824,0.3737,2.31109
Qwen2-0.5B,IQ4_XS,55.93,39.7598,632,0.51721,0.3976,2.28733
Qwen2-0.5B,IQ4_XS,56.69,35.8393,632,0.51184,0.3584,2.25823
Qwen2-0.5B,IQ4_XS,56.71,35.6485,632,0.52196,0.3565,2.26765
Qwen2-0.5B,IQ4_XS,55.97,37.6028,632,0.52842,0.376,2.29706
Qwen2.5-1.5B,IQ4_XS,30.79,94.3448,1162,1.44623,0.9434,4.66145
Qwen2.5-1.5B,IQ4_XS,30.78,96.2928,1162,1.43901,0.9629,4.65588
Qwen2.5-1.5B,IQ4_XS,31.42,95.0697,1162,1.42865,0.9507,4.57921
Qwen2.5-1.5B,IQ4_XS,31.36,94.5262,1162,1.46189,0.9453,4.61896
Qwen2.5-1.5B,IQ4_XS,31.61,92.7681,1162,1.43825,0.9277,4.57054
Qwen2.5-1.5B,IQ4_XS,31.36,96.6622,1162,1.43341,0.9666,4.59061
Qwen2.5-1.5B,IQ4_XS,30.95,94.353,1162,1.43092,0.9435,4.62974
Qwen2.5-1.5B,IQ4_XS,31.08,93.39,1162,1.44738,0.9339,4.63265
Qwen2.5-1.5B,IQ4_XS,31.97,92.2069,1162,1.43385,0.9221,4.53024
Qwen2.5-1.5B,IQ4_XS,30.8,95.8479,1162,1.44185,0.9585,4.6561
Qwen2.5-1.5B,IQ4_XS,31.22,91.2763,1162,1.42393,0.9128,4.59539
Qwen2.5-1.5B,IQ4_XS,32.07,97.9184,1162,1.43295,0.9792,4.51995
Qwen2.5-1.5B,IQ4_XS,31.29,91.3118,1162,1.43587,0.9131,4.60015
Qwen2.5-1.5B,IQ4_XS,31.25,91.3497,1162,1.45053,0.9135,4.61818
Qwen2.5-1.5B,IQ4_XS,31.26,95.2949,1162,1.44925,0.9529,4.61666
Qwen2.5-1.5B,IQ4_XS,31.27,92.0273,1162,1.43529,0.9203,4.60082
Qwen2.5-1.5B,IQ4_XS,31.24,97.4509,1162,1.44149,0.9745,4.61005
Qwen2.5-1.5B,IQ4_XS,31.34,91.1714,1162,1.43891,0.9117,4.59752
Qwen2.5-1.5B,IQ4_XS,31.11,100.3346,1162,1.44487,1.0033,4.62746
Qwen2.5-1.5B,IQ4_XS,30.78,93.7595,1162,1.43396,0.9376,4.65074
Qwen2.5-1.5B,IQ4_XS,31.16,93.4587,1162,1.43821,0.9346,4.61492
Qwen2.5-1.5B,IQ4_XS,30.34,95.7263,1162,1.45234,0.9573,4.7151
Qwen2.5-1.5B,IQ4_XS,31.34,86.3055,1162,1.44814,0.8631,4.60705
Qwen2.5-1.5B,IQ4_XS,31.14,91.2332,1162,1.43244,0.9123,4.61146
Qwen2.5-1.5B,IQ4_XS,31.51,87.5468,1162,1.43098,0.8755,4.57265
Qwen2.5-1.5B,IQ4_XS,30.67,92.9477,1162,1.43197,0.9295,4.65976
Qwen2.5-1.5B,IQ4_XS,31.19,94.4056,1162,1.43845,0.9441,4.61207
Qwen2.5-1.5B,IQ4_XS,31.37,91.6038,1162,1.61623,0.916,4.77193
Qwen2.5-1.5B,IQ4_XS,31.4,89.4884,1162,1.45709,0.8949,4.60956
Qwen2.5-1.5B,IQ4_XS,31.28,91.4565,1162,1.43538,0.9146,4.60029
Phi-2,IQ4_XS,20.84,142.3777,1712,2.63992,1.4238,7.39074
Phi-2,IQ4_XS,21.71,144.2117,1712,2.68673,1.4421,7.24705
Phi-2,IQ4_XS,21.4,140.0777,1712,2.58244,1.4008,7.20834
Phi-2,IQ4_XS,20.92,143.3041,1712,2.57677,1.433,7.31019
Phi-2,IQ4_XS,21.25,139.1723,1712,2.58678,1.3917,7.24587
Phi-2,IQ4_XS,20.96,138.8211,1712,2.571319,1.3882,7.2939
Phi-2,IQ4_XS,20.91,147.4017,1712,2.56544,1.474,7.29973
Phi-2,IQ4_XS,20.64,144.1512,1712,2.57022,1.4415,7.36621
Phi-2,IQ4_XS,20.81,138.059,1712,2.55039,1.3806,7.30749
Phi-2,IQ4_XS,20.6,140.4749,1712,2.56963,1.4047,7.3764
Phi-2,IQ4_XS,20.88,142.2748,1712,2.54409,1.4227,7.28505
Phi-2,IQ4_XS,21.46,138.2433,1712,2.56712,1.3824,7.18082
Phi-2,IQ4_XS,21.47,139.5815,1712,2.55126,1.3958,7.16272
Phi-2,IQ4_XS,20.86,139.1002,1712,2.60541,1.391,7.35178
Phi-2,IQ4_XS,21.28,139.2282,1712,2.59735,1.3923,7.24994
Phi-2,IQ4_XS,20.73,135.1519,1712,2.60566,1.3515,7.38047
Phi-2,IQ4_XS,21.45,143.2343,1712,2.58644,1.4323,7.20182
Phi-2,IQ4_XS,20.21,146.5844,1712,2.56889,1.4658,7.46719
Phi-2,IQ4_XS,20.67,143.7331,1712,2.568,1.4373,7.35798
Phi-2,IQ4_XS,20.53,141.6462,1712,2.59563,1.4165,7.41762
Phi-2,IQ4_XS,20.64,138.5426,1712,2.57847,1.3854,7.37386
Phi-2,IQ4_XS,21.37,145.2397,1712,2.57803,1.4524,7.21134
Phi-2,IQ4_XS,20.17,144.4573,1712,2.5996,1.4446,7.50871
Phi-2,IQ4_XS,19.4,150.1815,1712,2.61311,1.5018,7.71715
Phi-2,IQ4_XS,17.63,159.0535,1712,2.61416,1.5905,8.22813
Phi-2,IQ4_XS,21.27,137.3973,1712,2.58392,1.374,7.23729
Phi-2,IQ4_XS,20.4,148.6795,1712,2.54748,1.4868,7.40059
Phi-2,IQ4_XS,20.55,145.0377,1712,2.57534,1.4504,7.39312
Phi-2,IQ4_XS,20.32,140.8546,1712,2.58699,1.4085,7.45864
Phi-2,IQ4_XS,19.21,136.4718,1712,2.56468,1.3647,7.71814
Qwen2.5-3B,IQ4_XS,19.8,153.6555,1971,2.93469,1.5366,7.93372
Qwen2.5-3B,IQ4_XS,20,156.326,1971,2.92386,1.5633,7.87481
Qwen2.5-3B,IQ4_XS,20.04,160.1868,1971,2.91927,1.6019,7.85859
Qwen2.5-3B,IQ4_XS,19.85,157.0358,1971,2.90639,1.5704,7.8941
Qwen2.5-3B,IQ4_XS,20.05,155.7019,1971,2.90494,1.557,7.84151
Qwen2.5-3B,IQ4_XS,19.55,163.3789,1971,2.91142,1.6338,7.97501
Qwen2.5-3B,IQ4_XS,20.05,157.723,1971,2.91261,1.5772,7.84967
Qwen2.5-3B,IQ4_XS,19.97,157.1929,1971,2.91738,1.5719,7.87595
Qwen2.5-3B,IQ4_XS,19.96,156.7612,1971,2.92636,1.5676,7.88541
Qwen2.5-3B,IQ4_XS,19.23,158.2511,1971,2.93534,1.5825,8.0838
Qwen2.5-3B,IQ4_XS,19.9,159.9554,1971,2.91827,1.5996,7.89334
Qwen2.5-3B,IQ4_XS,19.89,155.9254,1971,2.91517,1.5593,7.89215
Qwen2.5-3B,IQ4_XS,19.75,156.3094,1971,2.96764,1.5631,7.98075
Qwen2.5-3B,IQ4_XS,19.64,157.5281,1971,2.94474,1.5753,7.98548
Qwen2.5-3B,IQ4_XS,20.03,158.1206,1971,2.93602,1.5812,7.87783
Qwen2.5-3B,IQ4_XS,19.32,152.5756,1971,2.91956,1.5258,8.04438
Qwen2.5-3B,IQ4_XS,19.75,154.6929,1971,2.95934,1.5469,7.97231
Qwen2.5-3B,IQ4_XS,19.75,158.7673,1971,3.02213,1.5877,8.03464
Qwen2.5-3B,IQ4_XS,19.49,158.2581,1971,2.95324,1.5826,8.03256
Qwen2.5-3B,IQ4_XS,19.63,160.2918,1971,2.93597,1.6029,7.97816
Qwen2.5-3B,IQ4_XS,19.9,157.8957,1971,2.91673,1.579,7.89276
Qwen2.5-3B,IQ4_XS,19.77,158.9398,1971,2.9346,1.5894,7.94323
Qwen2.5-3B,IQ4_XS,19.81,157.8809,1971,2.95277,1.5788,7.9513
Qwen2.5-3B,IQ4_XS,19.95,162.7692,1971,2.92581,1.6277,7.88706
Qwen2.5-3B,IQ4_XS,19.48,162.1763,1971,3.23885,1.6218,8.32
Qwen2.5-3B,IQ4_XS,19.72,156.6847,1971,2.92541,1.5668,7.94545
Qwen2.5-3B,IQ4_XS,19.69,159.6331,1971,3.06424,1.5963,8.09102
Qwen2.5-3B,IQ4_XS,19.89,158.065,1971,2.92601,1.5807,7.90298
Qwen2.5-3B,IQ4_XS,19.72,156.5944,1971,2.91843,1.5659,7.93991
Qwen2.5-3B,IQ4_XS,19.75,157.1549,1971,2.94826,1.5715,7.96108
OLMoE-1B-7B-0125,IQ4_XS,23.75,120.8501,3707,2.11489,1.2085,6.28384
OLMoE-1B-7B-0125,IQ4_XS,27.51,118.8793,3707,1.91145,1.1888,5.51001
OLMoE-1B-7B-0125,IQ4_XS,25.04,114.8073,3707,1.80591,1.1481,5.75968
OLMoE-1B-7B-0125,IQ4_XS,38.47,80.1687,3707,1.20673,0.8017,3.78048
OLMoE-1B-7B-0125,IQ4_XS,38.65,78.164,3707,1.17128,0.7816,3.73263
OLMoE-1B-7B-0125,IQ4_XS,38.86,79.9985,3707,1.16518,0.8,3.71277
OLMoE-1B-7B-0125,IQ4_XS,39.51,73.8108,3707,1.15422,0.7381,3.65991
OLMoE-1B-7B-0125,IQ4_XS,39.02,80.1783,3707,1.21474,0.8018,3.75179
OLMoE-1B-7B-0125,IQ4_XS,37.55,73.5947,3707,1.19951,0.7359,3.83577
OLMoE-1B-7B-0125,IQ4_XS,38.53,82.0308,3707,1.14288,0.8203,3.71209
OLMoE-1B-7B-0125,IQ4_XS,38.26,80.7725,3707,1.16597,0.8077,3.75358
OLMoE-1B-7B-0125,IQ4_XS,38.31,84.098,3707,1.1541,0.841,3.73804
OLMoE-1B-7B-0125,IQ4_XS,39.15,76.1626,3707,1.17001,0.7616,3.69905
OLMoE-1B-7B-0125,IQ4_XS,38.21,81.3165,3707,1.15345,0.8132,3.74469
OLMoE-1B-7B-0125,IQ4_XS,38.72,78.6608,3707,1.15131,0.7866,3.70816
OLMoE-1B-7B-0125,IQ4_XS,38.29,80.0859,3707,1.16631,0.8009,3.75204
OLMoE-1B-7B-0125,IQ4_XS,37.46,74.0667,3707,1.15348,0.7407,3.79597
OLMoE-1B-7B-0125,IQ4_XS,38.48,74.4136,3707,1.15026,0.7441,3.72305
OLMoE-1B-7B-0125,IQ4_XS,39.47,73.6507,3707,1.13623,0.7365,3.6444
OLMoE-1B-7B-0125,IQ4_XS,38.15,79.4176,3707,1.1769,0.7942,3.77203
OLMoE-1B-7B-0125,IQ4_XS,37.66,73.9645,3707,1.15499,0.7396,3.78403
OLMoE-1B-7B-0125,IQ4_XS,39.25,72.9087,3707,1.16097,0.7291,3.68308
OLMoE-1B-7B-0125,IQ4_XS,38.87,73.7943,3707,1.15717,0.7379,3.70407
OLMoE-1B-7B-0125,IQ4_XS,39.39,73.2759,3707,1.14447,0.7328,3.65777
OLMoE-1B-7B-0125,IQ4_XS,38.12,87.1682,3707,1.24663,0.8717,3.84363
OLMoE-1B-7B-0125,IQ4_XS,38.61,76.7921,3707,1.17339,0.7679,3.73741
OLMoE-1B-7B-0125,IQ4_XS,38.92,78.2679,3707,1.15791,0.7827,3.70189
OLMoE-1B-7B-0125,IQ4_XS,39.39,73.5989,3707,1.14558,0.736,3.65909
OLMoE-1B-7B-0125,IQ4_XS,37.71,80.5714,3707,1.15303,0.8057,3.77826
OLMoE-1B-7B-0125,IQ4_XS,37.74,80.799,3707,1.16054,0.808,3.78403
Qwen2.5-7B,IQ4_XS,10.76,288.2828,4349,6.91808,2.8828,16.1203
Qwen2.5-7B,IQ4_XS,8.78,257.4756,4349,7.00098,2.5748,18.27349
Qwen2.5-7B,IQ4_XS,10.75,283.1977,4349,6.86809,2.832,16.07633
Qwen2.5-7B,IQ4_XS,10.63,292.7333,4349,7.00181,2.9273,16.31828
Qwen2.5-7B,IQ4_XS,8.59,262.2862,4349,6.89815,2.6229,18.4215
Qwen2.5-7B,IQ4_XS,10.74,294.5998,4349,6.88302,2.946,16.10115
Qwen2.5-7B,IQ4_XS,8.86,254.19,4349,6.91206,2.5419,18.08175
Qwen2.5-7B,IQ4_XS,10.72,294.0963,4349,6.85751,2.941,16.09662
Qwen2.5-7B,IQ4_XS,8.9,249.0393,4349,6.90159,2.4904,18.02431
Qwen2.5-7B,IQ4_XS,10.57,281.4415,4349,6.95342,2.8144,16.32112
Qwen2.5-7B,IQ4_XS,10.75,285.8417,4349,6.86335,2.8584,16.07441
Qwen2.5-7B,IQ4_XS,8.97,253.5143,4349,6.91896,2.5351,17.95118
Qwen2.5-7B,IQ4_XS,10.75,286.9224,4349,6.99462,2.8692,16.20382
Qwen2.5-7B,IQ4_XS,8.69,254.4439,4349,6.91277,2.5444,18.30193
Qwen2.5-7B,IQ4_XS,10.67,296.651,4349,6.88083,2.9665,16.16253
Qwen2.5-7B,IQ4_XS,8.82,254.734,4349,6.88423,2.5473,18.10239
Qwen2.5-7B,IQ4_XS,10.78,295.0535,4349,6.86143,2.9505,16.04238
Qwen2.5-7B,IQ4_XS,8.86,241.275,4349,6.87433,2.4128,18.05149
Qwen2.5-7B,IQ4_XS,10.75,283.8356,4349,6.91177,2.8384,16.12114
Qwen2.5-7B,IQ4_XS,8.88,253.0352,4349,6.91687,2.5304,18.0679
Qwen2.5-7B,IQ4_XS,10.78,286.8055,4349,6.88773,2.8681,16.07401
Qwen2.5-7B,IQ4_XS,10.74,279.7434,4349,6.8449,2.7974,16.06513
Qwen2.5-7B,IQ4_XS,8.96,251.5897,4349,6.88476,2.5159,17.93735
Qwen2.5-7B,IQ4_XS,10.81,283.3021,4349,6.93808,2.833,16.10032
Qwen2.5-7B,IQ4_XS,8.9,252.5451,4349,6.87302,2.5255,17.99514
Qwen2.5-7B,IQ4_XS,10.78,285.0654,4349,6.90835,2.8507,16.08974
Qwen2.5-7B,IQ4_XS,10.75,289.4981,4349,6.87615,2.895,16.08283
Qwen2.5-7B,IQ4_XS,9,246.9186,4349,6.89504,2.4692,17.89361
Qwen2.5-7B,IQ4_XS,10.75,275.3388,4349,6.90507,2.7534,16.11273
Qwen2.5-7B,IQ4_XS,8.92,262.9239,4349,7.08137,2.6292,18.18428
Llama3.1-8B,IQ4_XS,9.04,299.2129,4556,7.73767,2.9921,18.68556
Llama3.1-8B,IQ4_XS,8.68,292.6774,4556,7.83414,2.9268,19.24525
Llama3.1-8B,IQ4_XS,9.95,320.9346,4556,7.71732,3.2093,17.66627
Llama3.1-8B,IQ4_XS,9.92,313.7559,4556,7.70013,3.1376,17.68121
Llama3.1-8B,IQ4_XS,9.99,317.0462,4556,7.73528,3.1705,17.64324
Llama3.1-8B,IQ4_XS,9.6,306.4458,4556,7.72021,3.0645,18.03238
Llama3.1-8B,IQ4_XS,9.21,302.751,4556,7.73376,3.0275,18.48446
Llama3.1-8B,IQ4_XS,9.09,284.508,4556,7.77593,2.8451,18.6699
Llama3.1-8B,IQ4_XS,8.52,291.4285,4556,7.90593,2.9143,19.5233
Llama3.1-8B,IQ4_XS,9.83,313.3483,4556,8.0762,3.1335,18.14293
Llama3.1-8B,IQ4_XS,9.99,321.0329,4556,7.82115,3.2103,17.72617
Llama3.1-8B,IQ4_XS,9.36,322.993,4556,7.76941,3.2299,18.35076
Llama3.1-8B,IQ4_XS,9,303.111,4556,7.81296,3.0311,18.81351
Llama3.1-8B,IQ4_XS,8.76,287.7982,4556,7.77061,2.878,19.06568
Llama3.1-8B,IQ4_XS,9.56,338.1192,4556,8.44881,3.3812,18.80932
Llama3.1-8B,IQ4_XS,9.37,319.7852,4556,7.77062,3.1979,18.33463
Llama3.1-8B,IQ4_XS,8.98,304.8148,4556,7.75907,3.0481,18.78644
Llama3.1-8B,IQ4_XS,8.68,280.7492,4556,7.76312,2.8075,19.16428
Llama3.1-8B,IQ4_XS,8.19,277.4602,4556,7.73629,2.7746,19.83151
Llama3.1-8B,IQ4_XS,9.84,311.0293,4556,7.76278,3.1103,17.82262
Llama3.1-8B,IQ4_XS,9.4,303.3646,4556,7.74255,3.0336,18.26916
Llama3.1-8B,IQ4_XS,9.1,296.4648,4556,7.82282,2.9646,18.69659
Llama3.1-8B,IQ4_XS,8.63,280.6991,4556,7.85136,2.807,19.32061
Llama3.1-8B,IQ4_XS,8.18,280.7162,4556,7.82039,2.8072,19.92922
Llama3.1-8B,IQ4_XS,9.54,302.2481,4556,7.87768,3.0225,18.25233
Llama3.1-8B,IQ4_XS,9.14,294.4561,4556,7.82281,2.9446,18.64945
Llama3.1-8B,IQ4_XS,8.68,284.5159,4556,7.76921,2.8452,19.1762
Llama3.1-8B,IQ4_XS,8.15,276.2026,4556,7.7877,2.762,19.93247
Llama3.1-8B,IQ4_XS,9.64,309.3456,4556,7.74638,3.0935,18.02135
Llama3.1-8B,IQ4_XS,9.11,290.525,4556,7.82157,2.9053,18.69235
Gemma2-9B,IQ4_XS,7.32,367.2727,5612,7.3991,3.6727,20.92859
Gemma2-9B,IQ4_XS,6.84,325.9752,5612,7.51781,3.2598,21.99637
Gemma2-9B,IQ4_XS,7.55,362.9012,5612,7.42899,3.629,20.54326
Gemma2-9B,IQ4_XS,7.01,331.0328,5612,7.47371,3.3103,21.59943
Gemma2-9B,IQ4_XS,6.55,324.1083,5612,7.60674,3.2411,22.72591
Gemma2-9B,IQ4_XS,6.79,333.1209,5612,7.54682,3.3312,22.12303
Gemma2-9B,IQ4_XS,6.54,324.4382,5612,7.46689,3.2444,22.60844
Gemma2-9B,IQ4_XS,6.81,319.7095,5612,7.47796,3.1971,22.02089
Gemma2-9B,IQ4_XS,7.37,359.0846,5612,7.47232,3.5908,20.90061
Gemma2-9B,IQ4_XS,6.91,322.9319,5612,7.46881,3.2293,21.80424
Gemma2-9B,IQ4_XS,6.42,321.0039,5612,7.46187,3.21,22.87701
Gemma2-9B,IQ4_XS,6.82,316.8297,5612,7.47561,3.1683,21.99597
Gemma2-9B,IQ4_XS,6.54,314.702,5612,7.5048,3.147,22.64971
Gemma2-9B,IQ4_XS,6.63,320.9373,5612,7.48538,3.2094,22.42614
Gemma2-9B,IQ4_XS,7.37,362.6165,5612,7.46625,3.6262,20.89975
Gemma2-9B,IQ4_XS,6.79,322.9025,5612,7.51518,3.229,22.09963
Gemma2-9B,IQ4_XS,7.51,354.6421,5612,7.44851,3.5464,20.63108
Gemma2-9B,IQ4_XS,6.9,332.3254,5612,7.46654,3.3233,21.80731
Gemma2-9B,IQ4_XS,6.52,321.8381,5612,7.57314,3.2184,22.75192
Gemma2-9B,IQ4_XS,6.61,329.9087,5612,7.47858,3.2991,22.44843
Gemma2-9B,IQ4_XS,7.53,364.2166,5612,7.42542,3.6422,20.57717
Gemma2-9B,IQ4_XS,6.88,320.9035,5612,7.45282,3.209,21.84479
Gemma2-9B,IQ4_XS,6.56,317.324,5612,7.47599,3.1732,22.56702
Gemma2-9B,IQ4_XS,6.84,329.2387,5612,7.67501,3.2924,22.14744
Gemma2-9B,IQ4_XS,6.55,326.4346,5612,7.46657,3.2643,22.59233
Gemma2-9B,IQ4_XS,6.55,320.4351,5612,7.48192,3.2044,22.59764
Gemma2-9B,IQ4_XS,7.3,346.8087,5612,7.64516,3.4681,21.21255
Gemma2-9B,IQ4_XS,6.63,314.9526,5612,7.47431,3.1495,22.40171
Gemma2-9B,IQ4_XS,7.33,350.9123,5612,7.46985,3.5091,20.97383
Gemma2-9B,IQ4_XS,6.56,318.7429,5612,7.4628,3.1874,22.55878
